Lindsay's Boulder Deli @ Haagen Dazs"4.1"1148 Pearl St, Boulder, CO 80302, USA"0.7668756513392275
Half Fast Subs On The Hill"4.5"1215 13th St, Boulder, CO 80302, USA"0.5350731510122482
Silver Mine Subs"3.5"1100 28th St, Boulder, CO 80303, USA"0.7731897510519898
Organic Sandwich Company"4.2"1500 Pearl Street, Suite F, Corner of Pearl and 16th, Boulder, CO 80302, United States"0.40263218673218737
Cheba Hut Toasted Subs"4.4"1313 College Ave, Boulder, CO 80302, USA"0.5037344243710102
Snarf's Sandwiches"4.3"637 S Broadway Suite A, Boulder, CO 80305, USA"1.4139524050805654
Deli Zone Baseline"3.9"4800 Baseline Rd D104, Boulder, CO 80303, USA"2.397743388920274
Naked Lunch"4.5"3301 Arapahoe Ave, Boulder, CO 80303, USA"1.397678569265186
Firehouse Subs"4.3"2343 Clover Basin Dr, Longmont, CO 80501, USA"9.767014891496274
Potbelly Sandwich Shop"4.1"14306 Lincoln St, Thornton, CO 80023, USA"19.671797573485108
Snarf's Sandwiches"4.4"2130 Mountain View Ave, Longmont, CO 80501, USA"10.127220914089257
Snarf's Sandwiches"4.5"1975 W 120th Ave, Westminster, CO 80234, USA"17.948297557983217
Big Dog Deli"4.7"300 Nickel St # 14, Broomfield, CO 80020, USA"12.6822182879607
Subway"4"3335 Arapahoe Rd #50, Erie, CO 80516, USA"11.572073785081374
Which Wich Superior Sandwiches"4"4490 W 121st Ave #8, Broomfield, CO 80020, USA"15.616963809118332
Cheba Hut Toasted Subs"4.7"638 E Colfax Ave, Denver, CO 80203, USA"20.639491136883326
The TreeHouse"3"8773 Yates Dr, Westminster, CO 80031, USA"15.288642099338523
The Sandwich Board"3"5445 DTC Pkwy G10, Greenwood Village, CO 80111, USA"26.63642917234537
Mr. Lucky's Sandwiches"4.7"711 E 6th Ave, Denver, CO 80203, USA"20.749875271056855
STACK Subs Denver (LoDo)"4.6"1331 17th St, Denver, CO 80202, USA"19.417495108179125
