Oak"4.6"1400 Pearl St, Boulder, CO 80302, USA"0.5603765481724867
River and Woods"4.6"2328 Pearl St, Boulder, CO 80302, USA"0.2894229941494769
The Sink"4.4"1165 13th St, Boulder, CO 80302, USA"0.536933787694641
Arcana"4.6"909 Walnut St, Boulder, CO 80302, USA"0.9784933328177327
Riffs Urban Fare"4.5"1115 Pearl St, Boulder, CO 80302, USA"0.8215744758467465
SALT"4.3"1047 Pearl St, Boulder, CO 80302, USA"0.8655591361249193
Next Door | Boulder"4.4"1039 Pearl St, Boulder, CO 80302, USA"0.8817576588075341
The West End Tavern"4.4"926 Pearl St, Boulder, CO 80302, USA"0.9853534296446979
Fat Shack"3.8"1110 13th St, Boulder, CO 80302, USA"0.5129727774149714
Canyons Restaurant & Bar"2.8"2660 Canyon Blvd, Boulder, CO 80302, USA"0.6327278191272566
Bramble & Hare"4.7"1970 13th St, Boulder, CO 80302, USA"0.6504421670520291
The Boulder Cork"4.5"3295 30th St, Boulder, CO 80301, USA"1.0797489419022173
Spruce Farm & Fish"4.1"2115 13th St, Boulder, CO 80302, USA"0.7251902670543275
The Roadhouse Boulder Depot"4.2"2366 Junction Pl, Boulder, CO 80301, USA"1.2432648248287974
The Kitchen"4.5"1039 Pearl St, Boulder, CO 80302, USA"0.8796278857906057
Mustard's Last Stand"4.4"1719 Broadway, Boulder, CO 80302, USA"0.6941372952779689
Rueben's Burger Bistro"4.1"1800 Broadway, Boulder, CO 80302, USA"0.7124945406071985
Modern Market Eatery"4.3"1600 28th St #1212, Boulder, CO 80301, USA"0.7591414148178534
Flagstaff House"4.7"1138 Flagstaff Rd, Boulder, CO 80302, USA"1.7752548344007768
The Bistro – Eat. Drink. Connect.®"3.3"4710 Pearl E Cir, Boulder, CO 80301, USA"1.7984039773531761
