Half Fast Subs On The Hill"4.5"1215 13th St, Boulder, CO 80302, USA"0.5350731510122482
Jimmy John's"3.2"1125 13th St, Boulder, CO 80302, USA"0.5482115701632699
Firehouse Subs"4.2"1695 29th St, Boulder, CO 80301, USA"0.8236970389358838
Silver Mine Subs"3.5"1100 28th St, Boulder, CO 80303, USA"0.7731897510519898
Jersey Mike's Subs"4"2660 Pearl St, Boulder, CO 80302, USA"0.6400870534280768
Cheba Hut Toasted Subs"4.4"1313 College Ave, Boulder, CO 80302, USA"0.5037344243710102
Modern Market Eatery"4.3"1600 28th St #1212, Boulder, CO 80301, USA"0.7591414148178534
Subway"3.7"2480 Baseline Rd, Boulder, CO 80305, USA"0.5951587237791208
Organic Sandwich Company"4.2"1500 Pearl Street, Suite F, Corner of Pearl and 16th, Boulder, CO 80302, United States"0.40263218673218737
Jimmy John's"2.9"3310 Arapahoe Ave, Boulder, CO 80303, USA"1.3320689670137331
Potbelly Sandwich Shop"3.9"1685 29th St, Boulder, CO 80301, USA"0.8554818771478723
Jimmy John's"3.6"994 W Dillon Rd Ste. 200, Louisville, CO 80027, USA"7.313372646098458
Lindsay's Boulder Deli @ Haagen Dazs"4.1"1148 Pearl St, Boulder, CO 80302, USA"0.7668756513392275
Firehouse Subs Superior Plaza"4.3"100 McCaslin Blvd, Superior, CO 80027, USA"7.263146937001765
Naked Lunch"4.5"3301 Arapahoe Ave, Boulder, CO 80303, USA"1.397678569265186
Jersey Mike's Subs"4.5"321 McCaslin Blvd C, Louisville, CO 80027, USA"7.313221989981044
The Yellow Deli"4.5"908 Pearl St, Boulder, CO 80302, USA"1.0009658192748134
Jimmy John's"3.8"625 Flatiron Marketplace Dr, Broomfield, CO 80021, USA"9.93582233472468
Snarf's Sandwiches"4.3"5340 Arapahoe Ave J, Boulder, CO 80303, USA"2.8044019092617343
Silver Mine Subs"3.2"1280 Centaur Village Dr # 1, Lafayette, CO 80026, USA"11.165357436312275
