Panda Express"3.6"2100 28th St, Boulder, CO 80301, USA"0.7655970401128869
Zoe Ma Ma"4.3"2010 10th St, Boulder, CO 80302, USA"0.9357768672396334
Tsing Tao"4"607 S Broadway suite a, Boulder, CO 80305, USA"1.4103171380074182
Golden Sun Chinese Restaurant"3.3"1635 28th St, Boulder, CO 80301, USA"0.6690050389896015
May Wah"4.3"2500 Baseline Rd, Boulder, CO 80305, USA"0.6191495330678125
Oriental Cafe"2.8"6201, 1305 Broadway, Boulder, CO 80302, United States"0.5591233701694011
Tibet Kitchen"4.5"2359 Arapahoe Ave, Boulder, CO 80303, USA"0.3879995892746889
Flower Pepper Restaurant - Authentic Chinese Home Cooking"4.2"2655 Broadway, Boulder, CO 80304, USA"0.930671773345717
Spice China"4"269 McCaslin Blvd, Louisville, CO 80027, USA"7.29113628497831
Haoway Chinese Cafe"4"1678 30th St, Boulder, CO 80301, USA"1.1294038398515702
Heaven Dragon Chinese Restaurant"4.4"16255 W 64th Ave #14, Arvada, CO 80007, USA"7.055620778844298
Jin Chan Zhang Restaurant"3.9"2835 28th St, Boulder, CO 80301, USA"0.7149124178873209
Pei Wei"3.6"1675 29th St Suite 1284, Boulder, CO 80301, USA"0.8600698136485444
Panda Express"3.4"University Of Colorado, Boulder, CO 80309, USA"0.261459389247428
Ting's Place"4.2"1265 S Public Rd, Lafayette, CO 80026, USA"12.309409703811978
P.F. Chang's"4.1"1 W Flatiron Crossing Dr Unit 500, Bldg. 5, Broomfield, CO 80021, USA"9.425224292712013
Bao Asian Fusion & Sushi Bar"4.1"594 McCaslin Blvd, Louisville, CO 80027, USA"7.340109849785171
China Gourmet"4.3"3970 North Broadway #102, Boulder, CO 80304, USA"0.9613958455477893
Li's Chinese Restaurant"4.4"11187 Sheridan Boulevard #2, Westminster, CO 80020, USA"14.982304673585128
Hong Fu Chinese Restaurant"4.3"9027 N Harlan St, Westminster, CO 80031, USA"14.436714237045468
