Frasca Food and Wine"4.6"1738 Pearl St, Boulder, CO 80302, USA"0.24180033663113878
Via Perla"4.4"901 Pearl St, Boulder, CO 80302, USA"1.0045585429299069
Carelli's"4.4"645 30th St, Boulder, CO 80303, USA"1.131679265139776
Pizzeria Locale"4.5"1730 Pearl St, Boulder, CO 80302, USA"0.25363934997017146
Pasta Jay's"4.2"1001 Pearl St, Boulder, CO 80302, USA"0.9288670907251123
D.P. Dough - Boulder (COMING SOON)"3.8"1335 Broadway Unit A, Boulder, CO 80302, USA"0.5712014731401301
Bacco Trattoria & Mozzarella Bar"4.1"1200 Yarmouth Ave, Boulder, CO 80304, USA"1.1485744569465346
Basta"4.5"3601 Arapahoe Ave, Boulder, CO 80303, USA"1.4213560099263052
Sforno Trattoria Romana"3.9"1308 Pearl St, Boulder, CO 80302, USA"0.6388807119586607
Carrabba's Italian Grill"4.2"575 McCaslin Blvd, Louisville, CO 80027, USA"7.258687980462635
II Pastaio Ristorante"4.6"3075 Arapahoe Ave, Boulder, CO 80303, USA"1.1707450408698927
Gondolier Italian Eatery"4.2"4800 Baseline Rd A104, Boulder, CO 80303, USA"2.5299469842797415
Ado's Kitchen & Bar"4.6"1143 13th St, Boulder, CO 80302, USA"0.5410209712470792
Buca di Beppo Italian Restaurant"3.9"615 Flatiron Marketplace Dr, Broomfield, CO 80021, USA"9.922729454489803
Vero Italian"0"Boulder, CO 80302, USA"0.11682659454632156
Carrabba's Italian Grill"4.3"7401 W 92nd Ave, Westminster, CO 80021, USA"13.253141162058535
Vero Boulder"4.4"2525 Arapahoe Ave H5B, Boulder, CO 80302, United States"0.6326215012318501
Olive Garden Italian Restaurant"4.3"14175 W Colfax Ave, Lakewood, CO 80401, USA"9.179265569342556
Olive Garden Italian Restaurant"4.2"1151 E 120th Ave, Thornton, CO 80233, USA"20.53116418205346
Olive Garden Italian Restaurant"4.1"5551 W 88th Ave, Westminster, CO 80031, USA"14.879107760013417
