Pizzeria Locale"4.5"1730 Pearl St, Boulder, CO 80302, USA"0.25363934997017146
Backcountry Pizza & Tap House"4.3"2319 Arapahoe Ave, Boulder, CO 80302, USA"0.3403175733583793
Pizza Colore"4.2"1336 Pearl St, Boulder, CO 80302, USA"0.603812224273672
Brooklyn Pizza"4.3"1647 Arapahoe Ave, Boulder, CO 80302, USA"0.2655504371604027
Cosmo's Pizza"4.4"1325 Broadway #108, Boulder, CO 80302, USA"0.552030382336424
Cosmo’s Pizza"4.6"3117 28th St, Boulder, CO 80301, USA"0.7632035528159073
Cosmo's Pizza"4.3"659 30th St, Boulder, CO 80303, USA"1.107803553417301
Boss Lady Pizza"4.4"1129 13th St, Boulder, CO 80302, USA"0.5437597190565091
Papa John's Pizza"2.8"3054 28th St, Boulder, CO 80301, USA"0.8018361285080435
PizzaRev"4"1650 28th St, Boulder, CO 80302, USA"0.7705890572427906
Domino's Pizza"3.8"2425 Canyon Blvd Ste B, Boulder, CO 80302, USA"0.5187425163214346
Vero Boulder"4.4"2525 Arapahoe Ave H5B, Boulder, CO 80302, United States"0.6326215012318501
Marco's Pizza"4.1"459 McCaslin Blvd, Louisville, CO 80027, USA"7.30377806706419
The Sink"4.4"1165 13th St, Boulder, CO 80302, USA"0.536933787694641
Audrey Jane's Pizza Garage"4.6"2675 13th St, Boulder, CO 80304, USA"0.8264566351306227
BJ's Restaurant & Brewhouse"3.9"1690 28th St, Boulder, CO 80301, USA"0.7740627164302833
Domino's Pizza"4"956 W Cherry St, Louisville, CO 80027, USA"7.447126570377566
Adesso Pizzeria"4.5"385 Crossing Dr #105, Lafayette, CO 80026, USA"11.622259410137188
Nick-N-Willy's Pizza"4.2"801 Pearl St, Boulder, CO 80302, USA"1.099666694483094
Proto's Pizza-Broomfield"4.4"8001 Arista Pl, Broomfield, CO 80021, USA"12.687584384885115
