Panda Express"3.7"3000 E 1st Ave #111, Denver, CO 80206, USA"1.1581917854185517
Imperial Chinese Seafood"4"431 S Broadway, Denver, CO 80209, USA"1.3029526349963512
New China Cafe"4.6"609 E Alameda Ave, Denver, CO 80209, USA"0.7696277849815288
Yum Yum Spice"4.3"4318, 2039 S University Blvd, Denver, CO 80210, United States"0.7997133794976793
Grand China"4.1"2200 E Colfax Ave, Denver, CO 80206, USA"0.8284080023380281
Great Wall Chinese Restaurant"3.8"440 E Colfax Ave, Denver, CO 80203, USA"1.0325354789719732
New China Kitchen"4.3"250 Federal Blvd, Denver, CO 80219, USA"3.8632218136498864
Ming's Dynasty"3.8"4251 E Mississippi Ave, Denver, CO 80246, USA"2.1761508258771016
Little Ollie's"4.2"2360 E 3rd Ave, Denver, CO 80206, USA"0.7737782376651391
Panda Express"3.6"ELITCH GARDENS THEME PARK, 2000, Elitch Cir, Denver, CO 80204, United States"3.097117183396903
Peter's Chinese Restaurant"4.3"2609 12th Ave, Denver, CO 80206, USA"1.029176041482777
Golden Village Chinese Food"4.2"910 S Monaco Pkwy, Denver, CO 80224, USA"3.920817111376739
Pepper Asian Bistro"4.6"2831 E Colfax Ave, Denver, CO 80206, USA"1.1968045608475488
Zoe Ma Ma"4.2"1625 Wynkoop St, Denver, CO 80202, USA"2.3645959794388163
Healthy Asian Garden"3.8"284 S Logan St, Denver, CO 80209, USA"0.9258625869523449
Twin Dragon"4.2"3021 S Broadway, Englewood, CO 80113, USA"1.5308258456219863
Little Dragon"4.3"2743, 1305 Krameria St, Denver, CO 80220, United States"3.667121829825568
Little Gingko Asian Cafe"4.7"1279 N Marion St, Denver, CO 80218, USA"0.5749719886170993
Panda Express"3.6"2990 S Broadway, Englewood, CO 80113, USA"1.4925117161611539
Moon River Asian Bistro"3.5"320 N Broadway, Denver, CO 80203, USA"1.2724040655114495
