Washington Park Grille"4.4"1096 S Gaylord St, Denver, CO 80209, USA"0.5481740917239531
Gennaro's Cafe Italiano"4.2"2598 S Broadway, Denver, CO 80210, USA"1.4339492427772287
Capitol Hill Tavern"4.2"1225 Logan St, Denver, CO 80203, USA"1.0738892487753744
Odyssey Bistro and Grill"4.7"603 E 6th Ave, Denver, CO 80203, USA"0.8128772202161068
Piatti Denver"4.6"190 St Paul St, Denver, CO 80206, USA"1.2860485004881625
Carmine's on Penn"4.4"92 S Pennsylvania St, Denver, CO 80209, USA"0.8564286508826009
North Italia"4.5"190 Clayton Ln, Denver, CO 80206, USA"0.9478550214666734
The Saucy Noodle"4.4"727 S University Blvd, Denver, CO 80209, USA"0.6437161836925119
Mici Handcrafted Italian"4.4"727 Colorado Blvd, Denver, CO 80206, USA"1.9574746918233117
Viale Pizza & Kitchen"4.6"1390 S Colorado Blvd, Denver, CO 80222, USA"2.0393055393023287
Palizo Italiano"4.6"1472 S Pearl St, Denver, CO 80210, USA"0.8308610168813936
Lo Stella Ristorante"4.6"1135 Bannock St, Denver, CO 80204, USA"1.5715018385956707
Cucina Colore"4.4"3041 E 3rd Ave, Denver, CO 80206, USA"1.255747215800957
Mici Handcrafted Italian"4.4"1531 Stout St, Denver, CO 80202, USA"1.8591508523867533
Angelo’s Taverna"4.7"620 E 6th Ave, Denver, CO 80203, USA"0.76704389535244
Trattoria Stella"4.4"3201 E Colfax Ave, Denver, CO 80206, USA"1.4522407151080672
BRIO"3.9"2500 E 1st Ave, Denver, CO 80206, USA"0.9066281858907644
Panzano"4.4"909 17th St, Denver, CO 80202, USA"1.805943673823578
Gaetano's"4.3"3760 Tejon St, Denver, CO 80211, USA"3.1119471567388235
Osteria Marco"4.5"1453 Larimer St, Denver, CO 80202, USA"2.2094400802194865
