Pizzeria Locale"4.5"1730 Pearl St, Boulder, CO 80302, USA"0.13776094615473405
Backcountry Pizza & Tap House"4.4"2319 Arapahoe Ave, Boulder, CO 80302, USA"0.47492930152701873
Pizza Colore"4.2"1336 Pearl St, Boulder, CO 80302, USA"0.4691373580690975
Audrey Jane's Pizza Garage"4.6"2675 13th St, Boulder, CO 80304, USA"0.701725081368943
Cosmo's Pizza"4.4"1325 Broadway #108, Boulder, CO 80302, USA"0.40660599268954245
Brooklyn Pizza"4.4"1647 Arapahoe Ave, Boulder, CO 80302, USA"0.12238897921746018
Nick-N-Willy's Pizza"4.2"801 Pearl St, Boulder, CO 80302, USA"0.9622187516876162
Cosmo's Pizza"4.3"659 30th St, Boulder, CO 80303, USA"1.227768213780175
Cosmo’s Pizza"4.6"3117 28th St, Boulder, CO 80301, USA"0.9091633064885565
PizzaRev"4"1650 28th St, Boulder, CO 80302, USA"0.9088464687989218
Boss Lady Pizza"4.3"1129 13th St, Boulder, CO 80302, USA"0.3977998680575846
Vero Boulder"4.4"2525 Arapahoe Ave H5B, Boulder, CO 80302, United States"0.768970563905328
California Pizza Kitchen at 29th Street"3.9"1711 29th St., Unit 1180, 29th St, Boulder, CO 80301, United States"0.9570384894867687
Domino's Pizza"3.8"2425 Canyon Blvd Ste B, Boulder, CO 80302, USA"0.6590576242275132
Proto's Pizza-North Boulder - Broadway"4.3"4670 North Broadway, Boulder, CO 80304, USA"1.104175066413826
Papa Murphy's Take 'N' Bake Pizza"4.2"3325 28th St #8, Boulder, CO 80301, USA"0.822010925864916
1000 Degrees Pizza Salad Wings - Boulder, CO"3.4"1310 College Ave Ste. 270, Boulder, CO 80302, USA"0.36998089413362556
Street Legal Pizza Boulder"4"3060 Pearl Pkwy #112, Boulder, CO 80301, USA"1.3042261258959027
Abo's Pizza"4"2761 Iris Ave, Boulder, CO 80304, USA"0.9021290869104605
Papa John's Pizza"2.8"3054 28th St, Boulder, CO 80301, USA"0.9476908826740047
