Lindsay's Boulder Deli @ Haagen Dazs"4.1"1148 Pearl St, Boulder, CO 80302, USA"0.6307514339474335
Half Fast Subs On The Hill"4.5"1215 13th St, Boulder, CO 80302, USA"0.3892322989543536
Silver Mine Subs"3.5"1100 28th St, Boulder, CO 80303, USA"0.8994974719369593
Cheba Hut Toasted Subs"4.4"1313 College Ave, Boulder, CO 80302, USA"0.3579740664506086
Snarf's Sandwiches"4.3"637 S Broadway Suite A, Boulder, CO 80305, USA"1.5213161454687376
Deli Zone Baseline"3.9"4800 Baseline Rd D104, Boulder, CO 80303, USA"2.528490657279813
Naked Lunch"4.5"3301 Arapahoe Ave, Boulder, CO 80303, USA"1.5351621354643814
Firehouse Subs"4.3"2343 Clover Basin Dr, Longmont, CO 80501, USA"9.912311613562379
Potbelly Sandwich Shop"4.1"14306 Lincoln St, Thornton, CO 80023, USA"19.807062977306796
Snarf's Sandwiches"4.4"2130 Mountain View Ave, Longmont, CO 80501, USA"10.273099245652613
Snarf's Sandwiches"4.5"1975 W 120th Ave, Westminster, CO 80234, USA"18.080950387589997
Subway"4"3335 Arapahoe Rd #50, Erie, CO 80516, USA"11.710218629816971
Firehouse Subs"4.1"7961 Wadsworth Blvd, Arvada, CO 80003, USA"13.330805795939463
Which Wich Superior Sandwiches"4"4490 W 121st Ave #8, Broomfield, CO 80020, USA"15.748633325310747
The TreeHouse"3"8773 Yates Dr, Westminster, CO 80031, USA"15.415408174636413
Cheba Hut Toasted Subs"4.7"638 E Colfax Ave, Denver, CO 80203, USA"20.762323648845847
Mr. Lucky's Sandwiches"4.7"711 E 6th Ave, Denver, CO 80203, USA"20.871835418038447
STACK Subs Denver (LoDo)"4.6"1331 17th St, Denver, CO 80202, USA"19.53991766485096
Big Dog Deli"4.7"300 Nickel St # 14, Broomfield, CO 80020, USA"12.812698829480892
Buchi Cafe Cubano"4.7"2651 W 38th Ave, Denver, CO 80211, USA"17.874023799924256
